"No","DITA File Path","Document Type","Transformation Status","XSLT Pipeline Applied","Failed XSLT","Error Line","Error Description"
"1","output/Printer_Setup_UserGuide/adjusting_print_quality/adjusting_print_quality.dita","CONCEPT","SUCCESS","unescape-tags.xsl -> fix_p_warning_to_note.xsl -> fix_consecutive_p_to_list.xsl -> table.xsl -> codeblock.xsl -> concept.xsl","","",""
"2","output/Printer_Setup_UserGuide/adjusting_print_quality/aligning_the_print_head_using_the_product_control_panel.dita","TASK","SUCCESS","unescape-tags.xsl -> fix_p_warning_to_note.xsl -> fix_consecutive_p_to_list.xsl -> table.xsl -> codeblock.xsl -> task.xsl","","",""
"3","output/Printer_Setup_UserGuide/adjusting_print_quality/checking_the_nozzles_using_a_computer_utility.dita","TASK","SUCCESS","unescape-tags.xsl -> fix_p_warning_to_note.xsl -> fix_consecutive_p_to_list.xsl -> table.xsl -> codeblock.xsl -> task.xsl","","",""
"4","output/Printer_Setup_UserGuide/adjusting_print_quality/checking_the_nozzles_using_the_product_control_panel.dita","TASK","SUCCESS","unescape-tags.xsl -> fix_p_warning_to_note.xsl -> fix_consecutive_p_to_list.xsl -> table.xsl -> codeblock.xsl -> task.xsl","","",""
"5","output/Printer_Setup_UserGuide/adjusting_print_quality/checking_the_number_of_sheets_fed.dita","CONCEPT","SUCCESS","unescape-tags.xsl -> fix_p_warning_to_note.xsl -> fix_consecutive_p_to_list.xsl -> table.xsl -> codeblock.xsl -> concept.xsl","","",""
"6","output/Printer_Setup_UserGuide/adjusting_print_quality/checking_the_number_of_sheets_on_the_lcd_screen.dita","TASK","SUCCESS","unescape-tags.xsl -> fix_p_warning_to_note.xsl -> fix_consecutive_p_to_list.xsl -> table.xsl -> codeblock.xsl -> task.xsl","","",""
"7","output/Printer_Setup_UserGuide/adjusting_print_quality/checking_the_sheet_counter_mac.dita","TASK","SUCCESS","unescape-tags.xsl -> fix_p_warning_to_note.xsl -> fix_consecutive_p_to_list.xsl -> table.xsl -> codeblock.xsl -> task.xsl","","",""
"8","output/Printer_Setup_UserGuide/adjusting_print_quality/checking_the_sheet_counter_windows.dita","TASK","SUCCESS","unescape-tags.xsl -> fix_p_warning_to_note.xsl -> fix_consecutive_p_to_list.xsl -> table.xsl -> codeblock.xsl -> task.xsl","","",""
"9","output/Printer_Setup_UserGuide/adjusting_print_quality/cleaning_the_paper_guide.dita","TASK","SUCCESS","unescape-tags.xsl -> fix_p_warning_to_note.xsl -> fix_consecutive_p_to_list.xsl -> table.xsl -> codeblock.xsl -> task.xsl","","",""
"10","output/Printer_Setup_UserGuide/adjusting_print_quality/cleaning_the_print_head_path.dita","TASK","SUCCESS","unescape-tags.xsl -> fix_p_warning_to_note.xsl -> fix_consecutive_p_to_list.xsl -> table.xsl -> codeblock.xsl -> task.xsl","","",""
"11","output/Printer_Setup_UserGuide/adjusting_print_quality/cleaning_the_print_head_using_a_computer_utility.dita","TASK","SUCCESS","unescape-tags.xsl -> fix_p_warning_to_note.xsl -> fix_consecutive_p_to_list.xsl -> table.xsl -> codeblock.xsl -> task.xsl","","",""
"12","output/Printer_Setup_UserGuide/adjusting_print_quality/cleaning_the_print_head_using_the_product_control_panel.dita","TASK","SUCCESS","unescape-tags.xsl -> fix_p_warning_to_note.xsl -> fix_consecutive_p_to_list.xsl -> table.xsl -> codeblock.xsl -> task.xsl","","",""
"13","output/Printer_Setup_UserGuide/adjusting_print_quality/power_cleaning.dita","CONCEPT","SUCCESS","unescape-tags.xsl -> fix_p_warning_to_note.xsl -> fix_consecutive_p_to_list.xsl -> table.xsl -> codeblock.xsl -> concept.xsl","","",""
"14","output/Printer_Setup_UserGuide/adjusting_print_quality/power_cleaning_using_a_computer_utility.dita","TASK","SUCCESS","unescape-tags.xsl -> fix_p_warning_to_note.xsl -> fix_consecutive_p_to_list.xsl -> table.xsl -> codeblock.xsl -> task.xsl","","",""
"15","output/Printer_Setup_UserGuide/adjusting_print_quality/power_cleaning_using_the_product_control_panel.dita","TASK","SUCCESS","unescape-tags.xsl -> fix_p_warning_to_note.xsl -> fix_consecutive_p_to_list.xsl -> table.xsl -> codeblock.xsl -> task.xsl","","",""
"16","output/Printer_Setup_UserGuide/adjusting_print_quality/print_head_alignment.dita","CONCEPT","SUCCESS","unescape-tags.xsl -> fix_p_warning_to_note.xsl -> fix_consecutive_p_to_list.xsl -> table.xsl -> codeblock.xsl -> concept.xsl","","",""
"17","output/Printer_Setup_UserGuide/adjusting_print_quality/print_head_cleaning.dita","CONCEPT","SUCCESS","unescape-tags.xsl -> fix_p_warning_to_note.xsl -> fix_consecutive_p_to_list.xsl -> table.xsl -> codeblock.xsl -> concept.xsl","","",""
"18","output/Printer_Setup_UserGuide/adjusting_print_quality/print_head_maintenance.dita","CONCEPT","SUCCESS","unescape-tags.xsl -> fix_p_warning_to_note.xsl -> fix_consecutive_p_to_list.xsl -> table.xsl -> codeblock.xsl -> concept.xsl","","",""
"19","output/Printer_Setup_UserGuide/adjusting_print_quality/print_head_nozzle_check.dita","CONCEPT","SUCCESS","unescape-tags.xsl -> fix_p_warning_to_note.xsl -> fix_consecutive_p_to_list.xsl -> table.xsl -> codeblock.xsl -> concept.xsl","","",""
"20","output/Printer_Setup_UserGuide/adjusting_print_quality_map.ditamap","MAP","SUCCESS","unescape-tags.xsl -> fix_p_warning_to_note.xsl -> fix_consecutive_p_to_list.xsl -> table.xsl -> codeblock.xsl -> map.xsl","","",""
"21","output/Printer_Setup_UserGuide/cleaning_and_transporting_your_product/cleaning_and_transporting_your_product.dita","CONCEPT","SUCCESS","unescape-tags.xsl -> fix_p_warning_to_note.xsl -> fix_consecutive_p_to_list.xsl -> table.xsl -> codeblock.xsl -> concept.xsl","","",""
"22","output/Printer_Setup_UserGuide/cleaning_and_transporting_your_product/cleaning_your_product.dita","TASK","SUCCESS","unescape-tags.xsl -> fix_p_warning_to_note.xsl -> fix_consecutive_p_to_list.xsl -> table.xsl -> codeblock.xsl -> task.xsl","","",""
"23","output/Printer_Setup_UserGuide/cleaning_and_transporting_your_product/copyright_notice.dita","CONCEPT","SUCCESS","unescape-tags.xsl -> fix_p_warning_to_note.xsl -> fix_consecutive_p_to_list.xsl -> table.xsl -> codeblock.xsl -> concept.xsl","","",""
"24","output/Printer_Setup_UserGuide/cleaning_and_transporting_your_product/transporting_your_product.dita","TASK","SUCCESS","unescape-tags.xsl -> fix_p_warning_to_note.xsl -> fix_consecutive_p_to_list.xsl -> table.xsl -> codeblock.xsl -> task.xsl","","",""
"25","output/Printer_Setup_UserGuide/cleaning_and_transporting_your_product_map.ditamap","MAP","SUCCESS","unescape-tags.xsl -> fix_p_warning_to_note.xsl -> fix_consecutive_p_to_list.xsl -> table.xsl -> codeblock.xsl -> map.xsl","","",""
"26","output/Printer_Setup_UserGuide/copying/copying.dita","CONCEPT","SUCCESS","unescape-tags.xsl -> fix_p_warning_to_note.xsl -> fix_consecutive_p_to_list.xsl -> table.xsl -> codeblock.xsl -> concept.xsl","","",""
"27","output/Printer_Setup_UserGuide/copying/copying_documents_or_photos.dita","TASK","SUCCESS","unescape-tags.xsl -> fix_p_warning_to_note.xsl -> fix_consecutive_p_to_list.xsl -> table.xsl -> codeblock.xsl -> task.xsl","","",""
"28","output/Printer_Setup_UserGuide/copying/copying_options.dita","REFERENCE","SUCCESS","unescape-tags.xsl -> fix_p_warning_to_note.xsl -> fix_consecutive_p_to_list.xsl -> table.xsl -> codeblock.xsl -> reference.xsl","","",""
"29","output/Printer_Setup_UserGuide/copying_map.ditamap","MAP","SUCCESS","unescape-tags.xsl -> fix_p_warning_to_note.xsl -> fix_consecutive_p_to_list.xsl -> table.xsl -> codeblock.xsl -> map.xsl","","",""
"30","output/Printer_Setup_UserGuide/loading_paper/borderless_paper_type_compatibility.dita","CONCEPT","SUCCESS","unescape-tags.xsl -> fix_p_warning_to_note.xsl -> fix_consecutive_p_to_list.xsl -> table.xsl -> codeblock.xsl -> concept.xsl","","",""
"31","output/Printer_Setup_UserGuide/loading_paper/compatible_metr_papers.dita","REFERENCE","SUCCESS","unescape-tags.xsl -> fix_p_warning_to_note.xsl -> fix_consecutive_p_to_list.xsl -> table.xsl -> codeblock.xsl -> reference.xsl","","",""
"32","output/Printer_Setup_UserGuide/loading_paper/double_sided_printing_capacity.dita","CONCEPT","SUCCESS","unescape-tags.xsl -> fix_p_warning_to_note.xsl -> fix_consecutive_p_to_list.xsl -> table.xsl -> codeblock.xsl -> concept.xsl","","",""
"33","output/Printer_Setup_UserGuide/loading_paper/loading_paper.dita","CONCEPT","SUCCESS","unescape-tags.xsl -> fix_p_warning_to_note.xsl -> fix_consecutive_p_to_list.xsl -> table.xsl -> codeblock.xsl -> concept.xsl","","",""
"34","output/Printer_Setup_UserGuide/loading_paper/loading_paper_in_the_rear_paper_feeder.dita","TASK","SUCCESS","unescape-tags.xsl -> fix_p_warning_to_note.xsl -> fix_consecutive_p_to_list.xsl -> table.xsl -> codeblock.xsl -> task.xsl","","",""
"35","output/Printer_Setup_UserGuide/loading_paper/paper_loading_capacity.dita","REFERENCE","SUCCESS","unescape-tags.xsl -> fix_p_warning_to_note.xsl -> fix_consecutive_p_to_list.xsl -> table.xsl -> codeblock.xsl -> reference.xsl","","",""
"36","output/Printer_Setup_UserGuide/loading_paper/paper_or_media_type_settings_control_panel.dita","REFERENCE","SUCCESS","unescape-tags.xsl -> fix_p_warning_to_note.xsl -> fix_consecutive_p_to_list.xsl -> table.xsl -> codeblock.xsl -> reference.xsl","","",""
"37","output/Printer_Setup_UserGuide/loading_paper/paper_or_media_type_settings_printing_software.dita","REFERENCE","SUCCESS","unescape-tags.xsl -> fix_p_warning_to_note.xsl -> fix_consecutive_p_to_list.xsl -> table.xsl -> codeblock.xsl -> reference.xsl","","",""
"38","output/Printer_Setup_UserGuide/loading_paper/paper_source_settings_options.dita","REFERENCE","SUCCESS","unescape-tags.xsl -> fix_p_warning_to_note.xsl -> fix_consecutive_p_to_list.xsl -> table.xsl -> codeblock.xsl -> reference.xsl","","",""
"39","output/Printer_Setup_UserGuide/loading_paper/selecting_the_default_paper_source_settings.dita","TASK","SUCCESS","unescape-tags.xsl -> fix_p_warning_to_note.xsl -> fix_consecutive_p_to_list.xsl -> table.xsl -> codeblock.xsl -> task.xsl","","",""
"40","output/Printer_Setup_UserGuide/loading_paper/selecting_the_paper_settings_control_panel.dita","TASK","SUCCESS","unescape-tags.xsl -> fix_p_warning_to_note.xsl -> fix_consecutive_p_to_list.xsl -> table.xsl -> codeblock.xsl -> task.xsl","","",""
"41","output/Printer_Setup_UserGuide/loading_paper_map.ditamap","MAP","SUCCESS","unescape-tags.xsl -> fix_p_warning_to_note.xsl -> fix_consecutive_p_to_list.xsl -> table.xsl -> codeblock.xsl -> map.xsl","","",""
"42","output/Printer_Setup_UserGuide/placing_originals_on_the_product/placing_originals_on_the_product.dita","CONCEPT","SUCCESS","unescape-tags.xsl -> fix_p_warning_to_note.xsl -> fix_consecutive_p_to_list.xsl -> table.xsl -> codeblock.xsl -> concept.xsl","","",""
"43","output/Printer_Setup_UserGuide/placing_originals_on_the_product/placing_originals_on_the_scanner_glass.dita","TASK","SUCCESS","unescape-tags.xsl -> fix_p_warning_to_note.xsl -> fix_consecutive_p_to_list.xsl -> table.xsl -> codeblock.xsl -> task.xsl","","",""
"44","output/Printer_Setup_UserGuide/placing_originals_on_the_product_map.ditamap","MAP","SUCCESS","unescape-tags.xsl -> fix_p_warning_to_note.xsl -> fix_consecutive_p_to_list.xsl -> table.xsl -> codeblock.xsl -> map.xsl","","",""
"45","output/Printer_Setup_UserGuide/printer_user_s_guide.ditamap","BOOKMAP","SUCCESS","unescape-tags.xsl -> fix_p_warning_to_note.xsl -> fix_consecutive_p_to_list.xsl -> table.xsl -> codeblock.xsl -> bookmap.xsl","","",""
"46","output/Printer_Setup_UserGuide/product_basics/changing_lcd_screen_language.dita","TASK","SUCCESS","unescape-tags.xsl -> fix_p_warning_to_note.xsl -> fix_consecutive_p_to_list.xsl -> table.xsl -> codeblock.xsl -> task.xsl","","",""
"47","output/Printer_Setup_UserGuide/product_basics/changing_the_power_off_timer_setting_from_the_control_panel.dita","TASK","SUCCESS","unescape-tags.xsl -> fix_p_warning_to_note.xsl -> fix_consecutive_p_to_list.xsl -> table.xsl -> codeblock.xsl -> task.xsl","","",""
"48","output/Printer_Setup_UserGuide/product_basics/changing_the_sleep_timer_setting_from_the_control_panel.dita","TASK","SUCCESS","unescape-tags.xsl -> fix_p_warning_to_note.xsl -> fix_consecutive_p_to_list.xsl -> table.xsl -> codeblock.xsl -> task.xsl","","",""
"49","output/Printer_Setup_UserGuide/product_basics/entering_characters_on_the_lcd_screen.dita","CONCEPT","SUCCESS","unescape-tags.xsl -> fix_p_warning_to_note.xsl -> fix_consecutive_p_to_list.xsl -> table.xsl -> codeblock.xsl -> concept.xsl","","",""
"50","output/Printer_Setup_UserGuide/product_basics/product_basics.dita","CONCEPT","SUCCESS","unescape-tags.xsl -> fix_p_warning_to_note.xsl -> fix_consecutive_p_to_list.xsl -> table.xsl -> codeblock.xsl -> concept.xsl","","",""
"51","output/Printer_Setup_UserGuide/product_basics/product_parts_back.dita","TASK","SUCCESS","unescape-tags.xsl -> fix_p_warning_to_note.xsl -> fix_consecutive_p_to_list.xsl -> table.xsl -> codeblock.xsl -> task.xsl","","",""
"52","output/Printer_Setup_UserGuide/product_basics/product_parts_front.dita","TASK","SUCCESS","unescape-tags.xsl -> fix_p_warning_to_note.xsl -> fix_consecutive_p_to_list.xsl -> table.xsl -> codeblock.xsl -> task.xsl","","",""
"53","output/Printer_Setup_UserGuide/product_basics/product_parts_inside.dita","TASK","SUCCESS","unescape-tags.xsl -> fix_p_warning_to_note.xsl -> fix_consecutive_p_to_list.xsl -> table.xsl -> codeblock.xsl -> task.xsl","","",""
"54","output/Printer_Setup_UserGuide/product_basics/product_parts_locations.dita","CONCEPT","SUCCESS","unescape-tags.xsl -> fix_p_warning_to_note.xsl -> fix_consecutive_p_to_list.xsl -> table.xsl -> codeblock.xsl -> concept.xsl","","",""
"55","output/Printer_Setup_UserGuide/product_basics/status_icon_information.dita","REFERENCE","SUCCESS","unescape-tags.xsl -> fix_p_warning_to_note.xsl -> fix_consecutive_p_to_list.xsl -> table.xsl -> codeblock.xsl -> reference.xsl","","",""
"56","output/Printer_Setup_UserGuide/product_basics/the_lcd_screen.dita","TASK","SUCCESS","unescape-tags.xsl -> fix_p_warning_to_note.xsl -> fix_consecutive_p_to_list.xsl -> table.xsl -> codeblock.xsl -> task.xsl","","",""
"57","output/Printer_Setup_UserGuide/product_basics/using_power_saving_settings.dita","CONCEPT","SUCCESS","unescape-tags.xsl -> fix_p_warning_to_note.xsl -> fix_consecutive_p_to_list.xsl -> table.xsl -> codeblock.xsl -> concept.xsl","","",""
"58","output/Printer_Setup_UserGuide/product_basics/using_the_control_panel.dita","TASK","SUCCESS","unescape-tags.xsl -> fix_p_warning_to_note.xsl -> fix_consecutive_p_to_list.xsl -> table.xsl -> codeblock.xsl -> task.xsl","","",""
"59","output/Printer_Setup_UserGuide/product_basics/viewing_animations.dita","TASK","SUCCESS","unescape-tags.xsl -> fix_p_warning_to_note.xsl -> fix_consecutive_p_to_list.xsl -> table.xsl -> codeblock.xsl -> task.xsl","","",""
"60","output/Printer_Setup_UserGuide/product_basics_map.ditamap","MAP","SUCCESS","unescape-tags.xsl -> fix_p_warning_to_note.xsl -> fix_consecutive_p_to_list.xsl -> table.xsl -> codeblock.xsl -> map.xsl","","",""
"61","output/Printer_Setup_UserGuide/refilling_ink/check_ink_levels.dita","CONCEPT","SUCCESS","unescape-tags.xsl -> fix_p_warning_to_note.xsl -> fix_consecutive_p_to_list.xsl -> table.xsl -> codeblock.xsl -> concept.xsl","","",""
"62","output/Printer_Setup_UserGuide/refilling_ink/checking_ink_levels_mac.dita","TASK","SUCCESS","unescape-tags.xsl -> fix_p_warning_to_note.xsl -> fix_consecutive_p_to_list.xsl -> table.xsl -> codeblock.xsl -> task.xsl","","",""
"63","output/Printer_Setup_UserGuide/refilling_ink/checking_ink_levels_on_your_product.dita","CONCEPT","SUCCESS","unescape-tags.xsl -> fix_p_warning_to_note.xsl -> fix_consecutive_p_to_list.xsl -> table.xsl -> codeblock.xsl -> concept.xsl","","",""
"64","output/Printer_Setup_UserGuide/refilling_ink/checking_ink_levels_windows.dita","TASK","SUCCESS","unescape-tags.xsl -> fix_p_warning_to_note.xsl -> fix_consecutive_p_to_list.xsl -> table.xsl -> codeblock.xsl -> task.xsl","","",""
"65","output/Printer_Setup_UserGuide/refilling_ink/disabling_special_offers_with_windows.dita","TASK","SUCCESS","unescape-tags.xsl -> fix_p_warning_to_note.xsl -> fix_consecutive_p_to_list.xsl -> table.xsl -> codeblock.xsl -> task.xsl","","",""
"66","output/Printer_Setup_UserGuide/refilling_ink/ink_bottle_part_numbers.dita","REFERENCE","SUCCESS","unescape-tags.xsl -> fix_p_warning_to_note.xsl -> fix_consecutive_p_to_list.xsl -> table.xsl -> codeblock.xsl -> reference.xsl","","",""
"67","output/Printer_Setup_UserGuide/refilling_ink/ink_safety_precautions.dita","CONCEPT","SUCCESS","unescape-tags.xsl -> fix_p_warning_to_note.xsl -> fix_consecutive_p_to_list.xsl -> table.xsl -> codeblock.xsl -> concept.xsl","","",""
"68","output/Printer_Setup_UserGuide/refilling_ink/purchase_metr_ink.dita","CONCEPT","SUCCESS","unescape-tags.xsl -> fix_p_warning_to_note.xsl -> fix_consecutive_p_to_list.xsl -> table.xsl -> codeblock.xsl -> concept.xsl","","",""
"69","output/Printer_Setup_UserGuide/refilling_ink/refilling_ink.dita","CONCEPT","SUCCESS","unescape-tags.xsl -> fix_p_warning_to_note.xsl -> fix_consecutive_p_to_list.xsl -> table.xsl -> codeblock.xsl -> concept.xsl","","",""
"70","output/Printer_Setup_UserGuide/refilling_ink/refilling_the_ink_tanks.dita","TASK","SUCCESS","unescape-tags.xsl -> fix_p_warning_to_note.xsl -> fix_consecutive_p_to_list.xsl -> table.xsl -> codeblock.xsl -> task.xsl","","",""
"71","output/Printer_Setup_UserGuide/refilling_ink_map.ditamap","MAP","SUCCESS","unescape-tags.xsl -> fix_p_warning_to_note.xsl -> fix_consecutive_p_to_list.xsl -> table.xsl -> codeblock.xsl -> map.xsl","","",""
